id,email,username,grade,HW 01,HW 02,HW 03,HW 04,HW Avg,CL2 01,CL2 02,CL2 03,CL2 04,CL2 05,CL2 06,CL2 07,CL2 08,CL2 Avg,CL3 01,CL3 02,CL3 03,CL3 04,CL3 05,CL3 06,CL3 Avg,
42268,natan.mallinger@gmail.com,Nexus,0.0,0.0,0.0,0.0,0.0,0.0,0.0,0.0,0.0,0.0,0.0,0.0,0,0,0.0,0,0,0,0,0,0,0,""
11898,strader@gmail.com,strader2,0.0,0.0,0.0,0.0,0.0,0.0,0.0,0.0,0.0,0.0,0.0,0.0,0,0,0.0,0,0,0,0,0,0,0,""
17962,yaro@mail.ru,Yaro,0.0,0.0,0.0,0.0,0.0,0.0,0.0,0.0,0.0,0.0,0.0,0.0,0,0,0.0,0,0,0,0,0,0,0,""
18529,pavel@gimelberg.ru,PavelG,0.0,0.0,0.0,0.0,0.0,0.0,0.0,0.0,0.0,0.0,0.0,0.0,0,0,0.0,0,0,0,0,0,0,0,""
42511,paeejaan@gmail.com,fazalabbas,0.0,0.0,0.0,0.0,0.0,0.0,0.0,0.0,0.0,0.0,0.0,0.0,0,0,0.0,0,0,0,0,0,0,0,""
26514,sebastiankramer@gmx.net,Sebastian114,0.0,0.0,0.0,0.0,0.0,0.0,0.0,0.0,0.0,0.0,0.0,0.0,0,0,0.0,0,0,0,0,0,0,0,""
42445,jaboboiii@gmail.com,jaboboiii,0.0,0.0,0.0,0.0,0.0,0.0,0.0,0.0,0.0,0.0,0.0,0.0,0,0,0.0,0,0,0,0,0,0,0,""
42516,rjsahoo.01@gmail.com,rjsahoo,0.0,0.0,0.0,0.0,0.0,0.0,0.0,0.0,0.0,0.0,0.0,0.0,0,0,0.0,0,0,0,0,0,0,0,""
42520,noilgt@gmail.com,noilgt,0.0,0.0,0.0,0.0,0.0,0.0,0.0,0.0,0.0,0.0,0.0,0.0,0,0,0.0,0,0,0,0,0,0,0,""
42414,warnew@brow.hu,ZoltanLengyel,0.0,0.0,0.0,0.0,0.0,0.0,0.0,0.0,0.0,0.0,0.0,0.0,0,0,0.0,0,0,0,0,0,0,0,""
41038,kasirohan@yahoo.com,kasirohan,0.0,0.0,0.0,0.0,0.0,0.0,0.0,0.0,0.0,0.0,0.0,0.0,0,0,0.0,0,0,0,0,0,0,0,""
41047,aldoshin@gmail.com,aldoshin,0.0,0.0,0.0,0.0,0.0,0.0,0.0,0.0,0.0,0.0,0.0,0.0,0,0,0.0,0,0,0,0,0,0,0,""
42388,yayumetal@hotmail.com,Yayu,0.0,0.0,0.0,0.0,0.0,0.0,0.0,0.0,0.0,0.0,0.0,0.0,0,0,0.0,0,0,0,0,0,0,0,""
42385,adam_garstka@yahoo.com,grstk,0.0,0.0,0.0,0.0,0.0,0.0,0.0,0.0,0.0,0.0,0.0,0.0,0,0,0.0,0,0,0,0,0,0,0,""
18768,pedro.remedios@gmail.com,premedios,0.0,0.0,0.0,0.0,0.0,0.0,0.0,0.0,0.0,0.0,0.0,0.0,0,0,0.0,0,0,0,0,0,0,0,""
41055,nviola719@gmail.com,Nviola719,0.0,0.0,0.0,0.0,0.0,0.0,0.0,0.0,0.0,0.0,0.0,0.0,0,0,0.0,0,0,0,0,0,0,0,""
41056,kanwarlal@yahoo.com,kanwar,0.0,0.0,0.0,0.0,0.0,0.0,0.0,0.0,0.0,0.0,0.0,0.0,0,0,0.0,0,0,0,0,0,0,0,""
42369,njzarratego@unal.edu.co,Nerio,0.0,0.0,0.0,0.0,0.0,0.0,0.0,0.0,0.0,0.0,0.0,0.0,0,0,0.0,0,0,0,0,0,0,0,""
41060,charlievil@gmail.com,charlievil,0.0,0.0,0.0,0.0,0.0,0.0,0.0,0.0,0.0,0.0,0.0,0.0,0,0,0.0,0,0,0,0,0,0,0,""
41063,eren152@gmail.com,eren154,0.0,0.0,0.0,0.0,0.0,0.0,0.0,0.0,0.0,0.0,0.0,0.0,0,0,0.0,0,0,0,0,0,0,0,""
48985,pawel@ptaszynski.cc,PawelP,0.0,0.0,0.0,0.0,0.0,0.0,0.0,0.0,0.0,0.0,0.0,0.0,0,0,0.0,0,0,0,0,0,0,0,""
42354,rredcat@gmail.com,RredCat,0.0,0.0,0.0,0.0,0.0,0.0,0.0,0.0,0.0,0.0,0.0,0.0,0,0,0.0,0,0,0,0,0,0,0,""
41072,konrad.rylko@gmail.com,xiaze,0.0,0.0,0.0,0.0,0.0,0.0,0.0,0.0,0.0,0.0,0.0,0.0,0,0,0.0,0,0,0,0,0,0,0,""
2702,islamkg89@gmail.com,IslambekMuratov,0.0,0.0,0.0,0.0,0.0,0.0,0.0,0.0,0.0,0.0,0.0,0.0,0,0,0.0,0,0,0,0,0,0,0,""
2801,sophie.collard@hotmail.fr,sophiec,0.0,0.0,0.0,0.0,0.0,0.0,0.0,0.0,0.0,0.0,0.0,0.0,0,0,0.0,0,0,0,0,0,0,0,""
25790,clanglois@gmail.com,Xtian,0.0,0.0,0.0,0.0,0.0,0.0,0.0,0.0,0.0,0.0,0.0,0.0,0,0,0.0,0,0,0,0,0,0,0,""
41079,rafiyev.jamal@gmail.com,JamalR,0.0,0.0,0.0,0.0,0.0,0.0,0.0,0.0,0.0,0.0,0.0,0.0,0,0,0.0,0,0,0,0,0,0,0,""
41082,dpinkerton02@gmail.com,dpinkerton,0.0,0.0,0.0,0.0,0.0,0.0,0.0,0.0,0.0,0.0,0.0,0.0,0,0,0.0,0,0,0,0,0,0,0,""
41048,david_bluetrain@hotmail.com,Davidz,0.0,0.0,0.0,0.0,0.0,0.0,0.0,0.0,0.0,0.0,0.0,0.0,0,0,0.0,0,0,0,0,0,0,0,""
41093,hantek.f@gmail.com,hunterxxx,0.0,0.0,0.0,0.0,0.0,0.0,0.0,0.0,0.0,0.0,0.0,0.0,0,0,0.0,0,0,0,0,0,0,0,""
41103,janice.albiac@gmail.com,bekali,0.0,0.0,0.0,0.0,0.0,0.0,0.0,0.0,0.0,0.0,0.0,0.0,0,0,0.0,0,0,0,0,0,0,0,""
42537,jim.margetts@gmail.com,JimMargetts,0.0,0.0,0.0,0.0,0.0,0.0,0.0,0.0,0.0,0.0,0.0,0.0,0,0,0.0,0,0,0,0,0,0,0,""
42344,valerivazquez@gmail.com,valerivazquez,0.0,0.0,0.0,0.0,0.0,0.0,0.0,0.0,0.0,0.0,0.0,0.0,0,0,0.0,0,0,0,0,0,0,0,""
41115,roger.vinas@fastzink.com,rogervinasalcon,0.0,0.0,0.0,0.0,0.0,0.0,0.0,0.0,0.0,0.0,0.0,0.0,0,0,0.0,0,0,0,0,0,0,0,""
25088,ledinhhuy88@gmail.com,ledinhhuy88,0.0,0.0,0.0,0.0,0.0,0.0,0.0,0.0,0.0,0.0,0.0,0.0,0,0,0.0,0,0,0,0,0,0,0,""
42590,mustafa@moveitgate.com,Mustafamg,0.0,0.0,0.0,0.0,0.0,0.0,0.0,0.0,0.0,0.0,0.0,0.0,0,0,0.0,0,0,0,0,0,0,0,""
41122,alextan_94@hotmail.com,tanman,0.0,0.0,0.0,0.0,0.0,0.0,0.0,0.0,0.0,0.0,0.0,0.0,0,0,0.0,0,0,0,0,0,0,0,""
25782,jqvroom@gmail.com,suparoboto,0.0,0.0,0.0,0.0,0.0,0.0,0.0,0.0,0.0,0.0,0.0,0.0,0,0,0.0,0,0,0,0,0,0,0,""
42320,davivago@hotmail.com,DavidHuertasJimenez,0.0,0.0,0.0,0.0,0.0,0.0,0.0,0.0,0.0,0.0,0.0,0.0,0,0,0.0,0,0,0,0,0,0,0,""
41146,tjoo@intven.com,taejoo,0.0,0.0,0.0,0.0,0.0,0.0,0.0,0.0,0.0,0.0,0.0,0.0,0,0,0.0,0,0,0,0,0,0,0,""
47811,techxacm@gmail.com,techxacm,0.0,0.0,0.0,0.0,0.0,0.0,0.0,0.0,0.0,0.0,0.0,0.0,0,0,0.0,0,0,0,0,0,0,0,""
42617,davide.delvecchio@gmail.com,davdelvecchio,0.0,0.0,0.0,0.0,0.0,0.0,0.0,0.0,0.0,0.0,0.0,0.0,0,0,0.0,0,0,0,0,0,0,0,""
42618,charlesrodamilans@gmail.com,CharlesRodamilans,0.0,0.0,0.0,0.0,0.0,0.0,0.0,0.0,0.0,0.0,0.0,0.0,0,0,0.0,0,0,0,0,0,0,0,""
13549,bea.lk@note.pl,bealk,0.0,0.0,0.0,0.0,0.0,0.0,0.0,0.0,0.0,0.0,0.0,0.0,0,0,0.0,0,0,0,0,0,0,0,""
46429,filibusterko@yahoo.com,MaxMadrid,0.0,0.0,0.0,0.0,0.0,0.0,0.0,0.0,0.0,0.0,0.0,0.0,0,0,0.0,0,0,0,0,0,0,0,""
41250,cip_tech@yahoo.com,Ciprian,0.0,0.0,0.0,0.0,0.0,0.0,0.0,0.0,0.0,0.0,0.0,0.0,0,0,0.0,0,0,0,0,0,0,0,""
46103,jinksy@gmail.com,jinksy,0.0,0.0,0.0,0.0,0.0,0.0,0.5,0.5,0.0,0.0,0.0,0.0,0,0,0.25,0,0,0,0,0,0,0,""
41304,tonyphan4321@yahoo.com,TonyPhan,0.0,0.0,0.0,0.0,0.0,0.0,0.0,0.0,0.0,0.0,0.0,0.0,0,0,0.0,0,0,0,0,0,0,0,""
42288,krisnal@outlook.con,KrisNal,0.0,0.0,0.0,0.0,0.0,0.0,0.0,0.0,0.0,0.0,0.0,0.0,0,0,0.0,0,0,0,0,0,0,0,""
42284,thescientificus@gmail.com,sicci,0.0,0.0,0.0,0.0,0.0,0.0,0.0,0.0,0.0,0.0,0.0,0.0,0,0,0.0,0,0,0,0,0,0,0,""
41387,priyankpathak.webdev@gmail.com,Priyank,0.0,0.0,0.0,0.0,0.0,0.0,0.0,0.0,0.0,0.0,0.0,0.0,0,0,0.0,0,0,0,0,0,0,0,""
18899,jetstream1010@gmail.com,mach1010,0.0,0.0,0.0,0.0,0.0,0.0,0.0,0.0,0.0,0.0,0.0,0.0,0,0,0.0,0,0,0,0,0,0,0,""
32618,jburge@wesleyan.edu,JBurge,0.0,0.0,0.0,0.0,0.0,0.0,0.0,0.0,0.0,0.0,0.0,0.0,0,0,0.0,0,0,0,0,0,0,0,""
42491,stuartmarquis@gmail.com,dogwater,0.0,0.0,0.0,0.0,0.0,0.0,0.0,0.0,0.0,0.0,0.0,0.0,0,0,0.0,0,0,0,0,0,0,0,""
42264,pcomitz@gmail.com,pcomitz,0.0,0.0,0.0,0.0,0.0,0.0,0.0,0.0,0.0,0.0,0.0,0.0,0,0,0.0,0,0,0,0,0,0,0,""
42262,jharold900@gmail.com,jharold900,0.0,0.0,0.0,0.0,0.0,0.0,0.0,0.0,0.0,0.0,0.0,0.0,0,0,0.0,0,0,0,0,0,0,0,""
42040,ebunt@yahoo.com,ebunt,0.0,0.0,0.0,0.0,0.0,0.0,0.0,0.0,0.0,0.0,0.0,0.0,0,0,0.0,0,0,0,0,0,0,0,""
44037,a.light.holder@gmail.com,alightholder,0.0,0.0,0.0,0.0,0.0,0.0,0.0,0.0,0.0,0.0,0.0,0.0,0,0,0.0,0,0,0,0,0,0,0,""
4173,stefan_esposito@harvard.edu,StefanEspositoX,0.0,0.0,0.0,0.0,0.0,0.0,0.0,0.0,0.0,0.0,0.0,0.0,0,0,0.0,0,0,0,0,0,0,0,""
42044,trieutn@gmail.com,TrieuTran,0.0,0.0,0.0,0.0,0.0,0.0,0.0,0.0,0.0,0.0,0.0,0.0,0,0,0.0,0,0,0,0,0,0,0,""
28866,liutanyu@gmail.com,Liutanyu,0.0,0.0,0.0,0.0,0.0,0.0,0.0,0.0,0.0,0.0,0.0,0.0,0,0,0.0,0,0,0,0,0,0,0,""
42043,im.tollu@gmail.com,iTollu,0.0,0.0,0.0,0.0,0.0,0.0,0.0,0.0,0.0,0.0,0.0,0.0,0,0,0.0,0,0,0,0,0,0,0,""
45177,anwaar.ullah@gmail.com,anwaarullah,0.0,0.0,0.0,0.0,0.0,0.0,0.0,0.0,0.0,0.0,0.0,0.0,0,0,0.0,0,0,0,0,0,0,0,""
42048,sadykovildus@gmail.com,IldusSadykov,0.0,0.0,0.0,0.0,0.0,0.0,0.0,0.0,0.0,0.0,0.0,0.0,0,0,0.0,0,0,0,0,0,0,0,""
26571,ali.babar@adelaide.edu.au,Babar,0.0,0.0,0.0,0.0,0.0,0.0,0.0,0.0,0.0,0.0,0.0,0.0,0,0,0.0,0,0,0,0,0,0,0,""
42052,isipro@gmail.com,isipro,0.0,0.0,0.0,0.0,0.0,0.0,0.0,0.0,0.0,0.0,0.0,0.0,0,0,0.0,0,0,0,0,0,0,0,""
42050,helen.simpson001@gmail.com,HelenSimpson,0.0,0.0,0.0,0.0,0.0,0.0,0.0,0.0,0.0,0.0,0.0,0.0,0,0,0.0,0,0,0,0,0,0,0,""
44545,anamitra.debnath@gmail.com,AnamitraD,0.0,0.0,0.0,0.0,0.0,0.0,0.0,0.0,0.0,0.0,0.0,0.0,0,0,0.0,0,0,0,0,0,0,0,""
42055,rafal.kapron@gmail.com,rafalkapron,0.0,0.0,0.0,0.0,0.0,0.0,0.0,0.0,0.0,0.0,0.0,0.0,0,0,0.0,0,0,0,0,0,0,0,""
44407,valter.kitsberg@gmail.com,valter_k,0.0,0.0,0.0,0.0,0.0,0.0,0.0,0.0,0.0,0.0,0.0,0.0,0,0,0.0,0,0,0,0,0,0,0,""
42261,aaa6263@sina.com,QZh,0.0,0.0,0.0,0.0,0.0,0.0,0.0,0.0,0.0,0.0,0.0,0.0,0,0,0.0,0,0,0,0,0,0,0,""
42064,jitukk23@gmail.com,jitukk23,0.0,0.0,0.0,0.0,0.0,0.0,0.0,0.0,0.0,0.0,0.0,0.0,0,0,0.0,0,0,0,0,0,0,0,""
42061,sbarabanov@gmail.com,sbarabanov,0.0,0.0,0.0,0.0,0.0,0.0,0.0,0.0,0.0,0.0,0.0,0.0,0,0,0.0,0,0,0,0,0,0,0,""
42067,luisreyesd@gmail.com,LuisReyesD,0.0,0.0,0.0,0.0,0.0,0.0,0.0,0.0,0.0,0.0,0.0,0.0,0,0,0.0,0,0,0,0,0,0,0,""
42066,anthony.alex.lye@gmail.com,aallye,0.0,0.0,0.0,0.0,0.0,0.0,0.0,0.0,0.0,0.0,0.0,0.0,0,0,0.0,0,0,0,0,0,0,0,""
42065,mlovato@gmail.com,mlovato,0.0,0.0,0.0,0.0,0.0,0.0,0.0,0.0,0.0,0.0,0.0,0.0,0,0,0.0,0,0,0,0,0,0,0,""
42071,giancordero@gmail.com,giancordero,0.0,0.0,0.0,0.0,0.0,0.0,0.0,0.0,0.0,0.0,0.0,0.0,0,0,0.0,0,0,0,0,0,0,0,""
43429,vvx@softengine.ru,vvx,0.0,0.0,0.0,0.0,0.0,0.0,0.0,0.0,0.0,0.0,0.0,0.0,0,0,0.0,0,0,0,0,0,0,0,""
42253,marcvbon@hotmail.com,marcvbon,0.0,0.0,0.0,0.0,0.0,0.0,0.0,0.0,0.0,0.0,0.0,0.0,0,0,0.0,0,0,0,0,0,0,0,""
25939,matiasmasca@gmail.com,matiasmasca,0.0,0.0,0.0,0.0,0.0,0.0,0.0,0.0,0.0,0.0,0.0,0.0,0,0,0.0,0,0,0,0,0,0,0,""
42079,raziell@msn.com,Razx,0.0,0.0,0.0,0.0,0.0,0.0,0.0,0.0,0.0,0.0,0.0,0.0,0,0,0.0,0,0,0,0,0,0,0,""
42082,petros.baltzis@gmail.com,petrosbaltzis,0.0,0.0,0.0,0.0,0.0,0.0,0.0,0.0,0.0,0.0,0.0,0.0,0,0,0.0,0,0,0,0,0,0,0,""
42081,bgmontoya285@gmail.com,bgmontoya285,0.0,0.0,0.0,0.0,0.0,0.0,0.0,0.0,0.0,0.0,0.0,0.0,0,0,0.0,0,0,0,0,0,0,0,""
42083,xvzfbira@yahoo.com.br,biracruz,0.0,0.0,0.0,0.0,0.0,0.0,0.0,0.0,0.0,0.0,0.0,0.0,0,0,0.0,0,0,0,0,0,0,0,""
42085,jkieling@gmail.com,jkieling,0.0,0.0,0.0,0.0,0.0,0.0,0.0,0.0,0.0,0.0,0.0,0.0,0,0,0.0,0,0,0,0,0,0,0,""
42235,minkhati@gmail.com,MinKhati,0.0,0.0,0.0,0.0,0.0,0.0,0.0,0.0,0.0,0.0,0.0,0.0,0,0,0.0,0,0,0,0,0,0,0,""
42086,gwenknight2@gmail.com,Alex987,0.0,0.0,0.0,0.0,0.0,0.0,0.0,0.0,0.0,0.0,0.0,0.0,0,0,0.0,0,0,0,0,0,0,0,""
42088,angel.mangas@gmail.com,amangas,0.0,0.0,0.0,0.0,0.0,0.0,0.0,0.0,0.0,0.0,0.0,0.0,0,0,0.0,0,0,0,0,0,0,0,""
42089,aparna.kannan1@gmail.com,aparnakannan1,0.0,0.0,0.0,0.0,0.0,0.0,0.0,0.0,0.0,0.0,0.0,0.0,0,0,0.0,0,0,0,0,0,0,0,""
43154,chandramohank82@gmail.com,chandramohank82,0.0,0.0,0.0,0.0,0.0,0.0,0.0,0.0,0.0,0.0,0.0,0.0,0,0,0.0,0,0,0,0,0,0,0,""
42091,ayaz.haniffa@gmail.com,AyazJoe,0.0,0.0,0.0,0.0,0.0,0.0,0.0,0.0,0.0,0.0,0.0,0.0,0,0,0.0,0,0,0,0,0,0,0,""
42096,mamunabms@yahoo.com,moonstruck,0.0,0.0,0.0,0.0,0.0,0.0,0.0,0.0,0.0,0.0,0.0,0.0,0,0,0.0,0,0,0,0,0,0,0,""
42097,xhao1985@gmail.com,MMY0616,0.0,0.0,0.0,0.0,0.0,0.0,0.0,0.0,0.0,0.0,0.0,0.0,0,0,0.0,0,0,0,0,0,0,0,""
42100,rakib1987@gmail.com,rakib1987,0.0,0.0,0.0,0.0,0.0,0.0,0.0,0.0,0.0,0.0,0.0,0.0,0,0,0.0,0,0,0,0,0,0,0,""
42099,correojunior@gmail.com,Junior_Garza,0.0,0.0,0.0,0.0,0.0,0.0,0.0,0.0,0.0,0.0,0.0,0.0,0,0,0.0,0,0,0,0,0,0,0,""
42087,ricardonas.dasilva@gmail.com,RicardoWEBSiTE,0.0,0.0,0.0,0.0,0.0,0.0,0.0,0.0,0.0,0.0,0.0,0.0,0,0,0.0,0,0,0,0,0,0,0,""
42102,osvaldo.novais@ifmg.edu.br,OsvaldoNovaisJR,0.0,0.0,0.0,0.0,0.0,0.0,0.0,0.0,0.0,0.0,0.0,0.0,0,0,0.0,0,0,0,0,0,0,0,""
42104,awafo@inbox.com,LeMaitreSuperieur,0.0,0.0,0.0,0.0,0.0,0.0,0.0,0.0,0.0,0.0,0.0,0.0,0,0,0.0,0,0,0,0,0,0,0,""
42108,jsalatan@gmail.com,jsalatan,0.0,0.0,0.0,0.0,0.0,0.0,0.0,0.0,0.0,0.0,0.0,0.0,0,0,0.0,0,0,0,0,0,0,0,""
25849,harry.zurita@gmail.com,HarryZurita,0.0,0.0,0.0,0.0,0.0,0.0,0.0,0.0,0.0,0.0,0.0,0.0,0,0,0.0,0,0,0,0,0,0,0,""
42111,hainguyendang@gmail.com,cunbong,0.0,0.0,0.0,0.0,0.0,0.0,0.0,0.0,0.0,0.0,0.0,0.0,0,0,0.0,0,0,0,0,0,0,0,""
42113,sergvlas@gmail.com,n3ur0n,0.0,0.0,0.0,0.0,0.0,0.0,0.0,0.0,0.0,0.0,0.0,0.0,0,0,0.0,0,0,0,0,0,0,0,""
24171,eduardo.mendez@oracle.com,egmendez,0.0,0.0,0.0,0.0,0.0,0.0,0.0,0.0,0.0,0.0,0.0,0.0,0,0,0.0,0,0,0,0,0,0,0,""
42116,andersonbr@gmail.com,AndersonCalixto,0.0,0.0,0.0,0.0,0.0,0.0,0.0,0.0,0.0,0.0,0.0,0.0,0,0,0.0,0,0,0,0,0,0,0,""
42228,luveh.kerapf@gmail.com,intfrr,0.0,0.0,0.0,0.0,0.0,0.0,0.0,0.0,0.0,0.0,0.0,0.0,0,0,0.0,0,0,0,0,0,0,0,""
42223,learod17@gmail.com,learod17,0.0,0.0,0.0,0.0,0.0,0.0,0.0,0.0,0.0,0.0,0.0,0.0,0,0,0.0,0,0,0,0,0,0,0,""
42214,biroka@me.com,biroka,0.0,0.0,0.0,0.0,0.0,0.0,0.0,0.0,0.0,0.0,0.0,0.0,0,0,0.0,0,0,0,0,0,0,0,""
42941,don.aus@gmail.com,so1dier,0.0,0.0,0.0,0.0,0.0,0.0,0.0,0.0,0.0,0.0,0.0,0.0,0,0,0.0,0,0,0,0,0,0,0,""
42209,oleg.sviridovitch@gmail.com,olsv,0.0,0.0,0.0,0.0,0.0,0.0,0.0,0.0,0.0,0.0,0.0,0.0,0,0,0.0,0,0,0,0,0,0,0,""
42126,agrawal.gaurav.temp@gmail.com,renrea,0.0,0.0,0.0,0.0,0.0,0.0,0.0,0.0,0.0,0.0,0.0,0.0,0,0,0.0,0,0,0,0,0,0,0,""
42208,chandra80inbox@gmail.com,shekhar_singh,0.0,0.0,0.0,0.0,0.0,0.0,0.0,0.0,0.0,0.0,0.0,0.0,0,0,0.0,0,0,0,0,0,0,0,""
42127,usamasiddique93@gmail.com,usamasiddique93,0.0,0.0,0.0,0.0,0.0,0.0,0.0,0.0,0.0,0.0,0.0,0.0,0,0,0.0,0,0,0,0,0,0,0,""
42207,dataisgold@gmail.com,DataIsGold,0.0,0.0,0.0,0.0,0.0,0.0,0.0,0.0,0.0,0.0,0.0,0.0,0,0,0.0,0,0,0,0,0,0,0,""
42205,axilleas@axilleas.me,thedude,0.0,0.0,0.0,0.0,0.0,0.0,0.0,0.0,0.0,0.0,0.0,0.0,0,0,0.0,0,0,0,0,0,0,0,""
42791,frederic.baziak@axiomeo.com,fbaz,0.0,0.0,0.0,0.0,0.0,0.0,0.0,0.0,0.0,0.0,0.0,0.0,0,0,0.0,0,0,0,0,0,0,0,""
42141,bishnu.analytics@gmail.comB,bishnu05,0.0,0.0,0.0,0.0,0.0,0.0,0.0,0.0,0.0,0.0,0.0,0.0,0,0,0.0,0,0,0,0,0,0,0,""
42143,hyling-s7@nc.rr.com,hyling,0.0,0.0,0.0,0.0,0.0,0.0,0.0,0.0,0.0,0.0,0.0,0.0,0,0,0.0,0,0,0,0,0,0,0,""
25832,Leander.Lanzo.UNC@gmail.com,ll350,0.0,0.0,0.0,0.0,0.0,0.0,0.0,0.0,0.0,0.0,0.0,0.0,0,0,0.0,0,0,0,0,0,0,0,""
42147,breno@ccrm.com.br,brenomarques,0.0,0.0,0.0,0.0,0.0,0.0,0.0,0.0,0.0,0.0,0.0,0.0,0,0,0.0,0,0,0,0,0,0,0,""
42748,fockerlee@gmail.com,brucelee101,0.0,0.0,0.0,0.0,0.0,0.0,0.0,0.0,0.0,0.0,0.0,0.0,0,0,0.0,0,0,0,0,0,0,0,""
42159,tahaa_libra@hotmail.com,tahaalibra,0.0,0.0,0.0,0.0,0.0,0.0,0.0,0.0,0.0,0.0,0.0,0.0,0,0,0.0,0,0,0,0,0,0,0,""
42164,lakmal_silva@yahoo.com,Lakmal,0.0,0.0,0.0,0.0,0.0,0.0,0.0,0.0,0.0,0.0,0.0,0.0,0,0,0.0,0,0,0,0,0,0,0,""
42169,ayashka.t@gmail.com,mktimon,0.0,0.0,0.0,0.0,0.0,0.0,0.0,0.0,0.0,0.0,0.0,0.0,0,0,0.0,0,0,0,0,0,0,0,""
42173,mateuszpalyz@gmail.com,mateuszpalyz,0.0,0.0,0.0,0.0,0.0,0.0,0.0,0.0,0.0,0.0,0.0,0.0,0,0,0.0,0,0,0,0,0,0,0,""
42198,aditya1503@gmail.com,aditya1503,0.0,0.0,0.0,0.0,0.0,0.0,0.0,0.0,0.0,0.0,0.0,0.0,0,0,0.0,0,0,0,0,0,0,0,""
26312,mthaha1989@gmail.com,stormvirux,0.0,0.0,0.0,0.0,0.0,0.0,0.0,0.0,0.0,0.0,0.0,0.0,0,0,0.0,0,0,0,0,0,0,0,""
42203,hlakyi77@yahoo.com,hlakyi77,0.0,0.0,0.0,0.0,0.0,0.0,0.0,0.0,0.0,0.0,0.0,0.0,0,0,0.0,0,0,0,0,0,0,0,""
42188,lcwilliamlee@gmail.com,goallee,0.0,0.0,0.0,0.0,0.0,0.0,0.0,0.0,0.0,0.0,0.0,0.0,0,0,0.0,0,0,0,0,0,0,0,""
41052,bdamadi@yahoo.com,BD225,0.02,0.0,0.0588235294118,0.0,0.0,0.0147058823529,0.0,0.0,0.0,0.0,0.0,0.0,0,0,0.0,0,0,0,0,0,0,0,""
17311,marian.mosley@gmail.com,marianmosley,0.04,0.0,0.176470588235,0.0,0.0,0.0441176470588,0.0,0.0,0.0,0.0,0.0,0.0,0,0,0.0,0,0,0,0,0,0,0,""
42196,don.eckford@gmail.com,Dxander,0.08,0.333333333333,0.0,0.0,0.0,0.0833333333333,0.0,0.0,0.0,0.0,0.0,0.0,0,0,0.0,0,0,0,0,0,0,0,""
42155,eswari24@gmail.com,eswari24,0.08,0.333333333333,0.0,0.0,0.0,0.0833333333333,0.0,0.0,0.0,0.0,0.0,0.0,0,0,0.0,0,0,0,0,0,0,0,""
18898,sampdingo@hotmail.com,sampritipanda,0.1,0.0,0.0,0.0,0.416666666667,0.104166666667,0.0,0.0,0.0,0.0,0.0,0.0,0,0,0.0,0,0,0,0,0,0,0,""
43029,thanhnam2k@yahoo.com,NamPham,0.16,0.0,0.647058823529,0.0,0.0,0.161764705882,0.0,0.0,0.0,0.0,0.0,0.0,0,0,0.0,0,0,0,0,0,0,0,""
17469,trexpesto@yahoo.com,apelade,0.24,0.0,0.941176470588,0.0,0.0,0.235294117647,0.0,0.0,0.0,0.0,0.0,0.0,0,0,0.0,0,0,0,0,0,0,0,""
41918,nikitaavvakumov@gmail.com,nikitaavvakumov,0.25,1.0,0.0,0.0,0.0,0.25,0.0,0.0,0.0,0.0,0.0,0.0,0,0,0.0,0,0,0,0,0,0,0,""
41109,algis999@yahoo.com,ZenMan,0.25,1.0,0.0,0.0,0.0,0.25,0.0,0.0,0.0,0.0,0.0,0.0,0,0,0.0,0,0,0,0,0,0,0,""
42124,migatine@gmail.com,miga,0.25,1.0,0.0,0.0,0.0,0.25,0.0,0.0,0.0,0.0,0.0,0.0,0,0,0.0,0,0,0,0,0,0,0,""
41116,sasha.pavlovic@gmail.com,SashaPavlovic,0.25,1.0,0.0,0.0,0.0,0.25,0.0,0.0,0.0,0.0,0.0,0.0,0,0,0.0,0,0,0,0,0,0,0,""
42252,ksentini.wael@gmail.com,Ksentini,0.25,1.0,0.0,0.0,0.0,0.25,0.0,0.0,0.0,0.0,0.0,0.0,0,0,0.0,0,0,0,0,0,0,0,""
42076,andreadi@gmail.com,andreadi,0.25,1.0,0.0,0.0,0.0,0.25,0.0,0.0,0.0,0.0,0.0,0.0,0,0,0.0,0,0,0,0,0,0,0,""
42057,pushpendra1412@gmail.com,pushpendra1412,0.25,1.0,0.0,0.0,0.0,0.25,0.0,0.0,0.0,0.0,0.0,0.0,0,0,0.0,0,0,0,0,0,0,0,""
25831,abidmfarooq@gmail.com,Abid,0.25,1.0,0.0,0.0,0.0,0.25,0.0,0.0,0.0,0.0,0.0,0.0,0,0,0.0,0,0,0,0,0,0,0,""
26430,hugomartin.cv@gmail.com,HugoCampos,0.25,1.0,0.0,0.0,0.0,0.25,0.0,0.0,0.0,0.0,0.0,0.0,0,0,0.0,0,0,0,0,0,0,0,""
15068,wutt77@gmail.com,wutt77,0.25,1.0,0.0,0.0,0.0,0.25,0.0,0.0,0.0,0.0,0.0,0.0,0,0,0.0,0,0,0,0,0,0,0,""
42122,binterlandi88@gmail.com,binterlandi88,0.25,1.0,0.0,0.0,0.0,0.25,0.0,0.0,0.0,0.0,0.0,0.0,0,0,0.0,0,0,0,0,0,0,0,""
41119,stanleym2711@gmail.com,stantheman,0.25,1.0,0.0,0.0,0.0,0.25,0.0,0.0,0.0,0.0,0.0,0.0,0,0,0.0,0,0,0,0,0,0,0,""
42726,salemamba@gmail.com,damu,0.25,1.0,0.0,0.0,0.0,0.25,0.0,0.0,0.0,0.0,0.0,0.0,0,0,0.0,0,0,0,0,0,0,0,""
41049,chen.hdong@gmail.com,hdchen,0.25,1.0,0.0,0.0,0.0,0.25,0.0,0.0,0.0,0.0,0.0,0.0,0,0,0.0,0,0,0,0,0,0,0,""
41069,wukaem@gmail.com,wukaem,0.25,1.0,0.0,0.0,0.0,0.25,0.0,0.0,0.0,0.0,0.0,0.0,0,0,0.0,0,0,0,0,0,0,0,""
41145,lrocholl@gmail.com,lrocholl,0.25,1.0,0.0,0.0,0.0,0.25,0.0,0.0,0.0,0.0,0.0,0.0,0,0,0.0,0,0,0,0,0,0,0,""
26131,motasem@gmail.com,Motasem,0.25,1.0,0.0,0.0,0.0,0.25,0.0,0.0,0.0,0.0,0.0,0.0,0,0,0.0,0,0,0,0,0,0,0,""
41365,com.mediannguyen@gmail.com,MedianNguyen,0.25,1.0,0.0,0.0,0.0,0.25,0.0,0.0,0.0,0.0,0.0,0.0,0,0,0.0,0,0,0,0,0,0,0,""
42118,sdpan21@gmail.com,dpdocs,0.27,1.0,0.0588235294118,0.0,0.0,0.264705882353,0.0,0.0,0.0,0.0,0.0,0.0,0,0,0.0,0,0,0,0,0,0,0,""
41058,nizar.sbaih@gmail.com,SBAIH,0.29,1.0,0.176470588235,0.0,0.0,0.294117647059,0.0,0.0,0.0,0.0,0.0,0.0,0,0,0.0,0,0,0,0,0,0,0,""
42084,triekhaled@gmail.com,triekhaled,0.34,1.0,0.0,0.354838709677,0.0,0.338709677419,0.0,0.0,0.0,0.0,0.0,0.0,0,0,0.0,0,0,0,0,0,0,0,""
41215,alvaro.tolosa@hotmail.com,alvarot,0.35,1.0,0.0588235294118,0.354838709677,0.0,0.353415559772,0.0,0.0,0.0,0.0,0.0,0.0,0,0,0.0,0,0,0,0,0,0,0,""
25948,adityatiwari01933@gmail.com,adityatiwari,0.35,1.0,0.0588235294118,0.354838709677,0.0,0.353415559772,0.5,0.0,0.0,0.0,0.0,0.0,0,0,0.125,0,0,0,0,0,0,0,""
16188,robi@post.jce.ac.il,robi-y,0.39,1.0,0.470588235294,0.0322580645161,0.0416666666667,0.386128241619,0.0,0.0,0.0,0.0,0.0,0.0,0,0,0.0,0,0,0,0,0,0,0,""
42117,amar_budhiraja@yahoo.com,amar26,0.41,1.0,0.647058823529,0.0,0.0,0.411764705882,0.0,0.0,0.0,0.0,0.0,0.0,0,0,0.0,0,0,0,0,0,0,0,""
41110,ssherwa@g.clemson.edu,sherwani,0.49,1.0,0.970588235294,0.0,0.0,0.492647058824,0.0,0.0,0.0,0.0,0.0,0.0,0,0,0.0,0,0,0,0,0,0,0,""
41143,lucasvscn@gmail.com,lucasvscn,0.5,1.0,1.0,0.0,0.0,0.5,0.0,0.0,0.0,0.0,0.0,0.0,0,0,0.0,0,0,0,0,0,0,0,""
25901,d.dr@libero.it,d2r,0.5,1.0,1.0,0.0,0.0,0.5,0.0,0.0,0.0,0.0,0.0,0.0,0,0,0.0,0,0,0,0,0,0,0,""
40971,m.nourminskaya@gmail.com,mnourminskaya,0.51,1.0,0.0,1.0,0.0416666666667,0.510416666667,0.0,0.0,0.0,0.0,0.0,0.0,0,0,0.0,0,0,0,0,0,0,0,""
26408,colinfry@gmail.com,xile,0.52,1.0,0.0588235294118,1.0,0.0,0.514705882353,0.0,0.0,0.0,0.0,0.0,0.0,0,0,0.0,0,0,0,0,0,0,0,""
42134,ivy.black@gmail.com,porfirius7,0.56,1.0,1.0,0.193548387097,0.0416666666667,0.558803763441,0.0,0.0,0.0,0.0,0.0,0.0,0,0,0.0,0,0,0,0,0,0,0,""
58252,diraulo@live.com,diraulo,0.56,1.0,1.0,0.193548387097,0.0416666666667,0.558803763441,0.0,0.0,0.0,0.0,0.0,0.0,0,0,0.0,0,0,0,0,0,0,0,""
42092,sk.vaibhav@gmail.com,vaibhav,0.57,1.0,0.117647058824,1.0,0.166666666667,0.571078431373,0.0,0.0,0.0,0.0,0.0,0.0,0,0,0.0,0,0,0,0,0,0,0,""
42350,simonegeometrico@gmail.com,neosb,0.61,1.0,0.852941176471,0.516129032258,0.0833333333333,0.613100885515,0.0,0.0,0.0,0.0,0.0,0.0,0,0,0.0,0,0,0,0,0,0,0,""
26446,georgedelson@gmail.com,skillz,0.62,1.0,1.0,0.354838709677,0.125,0.619959677419,0.0,0.0,0.0,0.0,0.0,0.0,0,0,0.0,0,0,0,0,0,0,0,""
25964,mikael.dautrey@isitix.com,DAUTREY,0.73,0.666666666667,1.0,0.677419354839,0.583333333333,0.73185483871,0.0,0.25,0.0,0.0,0.0,0.0,0,0,0.0625,0,0,0,0,0,0,0,""
42041,naltipar@auth.gr,c0ndemn3d,0.75,1.0,1.0,1.0,0.0,0.75,0.0,0.0,0.333333333333,0.0909090909091,0.0,0.0,0,0,0.106060606061,0,0,0,0,0,0,0,""
31352,jacob.m.romer@gmail.com,jmromer,0.76,1.0,0.941176470588,1.0,0.0833333333333,0.75612745098,0.0,0.0,0.0,0.0,0.0,0.0,0,0,0.0,0,0,0,0,0,0,0,""
41287,steverobillard@gmail.com,srpsco,0.79,1.0,1.0,1.0,0.166666666667,0.791666666667,0.0,0.0,0.0,0.0,0.0,0.0,0,0,0.0,0,0,0,0,0,0,0,""
42120,jonathankyim@gmail.com,jonathankyim,0.82,1.0,1.0,0.677419354839,0.583333333333,0.815188172043,0.5,0.0,0.0,0.0,0.0,0.0,0,0,0.125,0,0,0,0,0,0,0,""
9695,dcorking@dcorking.com,dcorking,0.95,1.0,0.823529411765,1.0,0.958333333333,0.945465686275,0.166666666667,0.5,0.333333333333,0.0909090909091,0.0,0.2,0,0,0.3,0,0,0,0,0,0,0,""
41054,sushantmagoo@gmail.com,sushantmagoo,0.96,1.0,0.823529411765,1.0,1.0,0.955882352941,0.5,0.5,0.333333333333,0.0909090909091,0.0,0.0,0,0,0.356060606061,0,0,0,0,0,0,0,""
41066,ed_keith@acm.org,EdK,0.99,1.0,1.0,1.0,0.958333333333,0.989583333333,0.0,0.0,0.0,0.0,0.0,0.0,0,0,0.0,0,0,0,0,0,0,0,""
22373,tochman10@gmail.com,ThomasOchman,0.99,1.0,0.0,0.0,0.0,0.25,0.0,0.0,0.0,0.909090909091,0.0,0.0,0,0,0.227272727273,0,0,0,0,0,0,0,""
1324,sjoseph@hpu.edu,tansaku,0.99,0.0,0.529411764706,0.0,0.0,0.132352941176,1.0,0.5,0.0,0.0,0.0,0.0,0,0,0.375,0,0,0,0,0,0,0,""
42047,nick.r.holden@gmail.com,nickholden,1.0,1.0,1.0,1.0,1.0,1.0,0.0,0.0,0.0,0.0,0.0,0.0,0,0,0.0,0,0,0,0,0,0,0,""
26249,joaopapereira@gmail.com,joaopereira,1.0,1.0,1.0,1.0,1.0,1.0,0.5,0.5,0.333333333333,0.0909090909091,0.0,0.0,0,0,0.356060606061,0,0,0,0,0,0,0,""
42058,krasi.hristozov@gmail.com,Endymion1977,1.0,1.0,1.0,1.0,1.0,1.0,0.5,0.5,0.333333333333,0.0909090909091,0.2,0.2,0,0,0.383333333333,0,0,0,0,0,0,0,""
42053,apostolakis.antonis@gmail.com,antapos,1.0,1.0,1.0,1.0,1.0,1.0,0.0,0.0,0.0,0.0,0.0,0.0,0,0,0.0,0,0,0,0,0,0,0,""
42324,gabrielmunumel@gmail.com,gmunumel,1.0,1.0,1.0,1.0,1.0,1.0,0.0,0.5,0.333333333333,0.0909090909091,0.2,0.2,0,0,0.308333333333,0,0,0,0,0,0,0,""
25717,pablofullana@gmail.com,pablofullana,1.0,1.0,1.0,1.0,1.0,1.0,0.5,0.5,0.333333333333,0.0909090909091,0.2,0.2,0,0,0.383333333333,0,0,0,0,0,0,0,""
42431,b88878878887@hotmail.com,B264,1.0,1.0,1.0,1.0,1.0,1.0,0.666666666667,0.5,0.666666666667,0.0,0.0,0.0,0,0,0.458333333333,0,0,0,0,0,0,0,""
42119,gsteiger@netvision.net.il,gailsteiger,1.0,1.0,1.0,1.0,1.0,1.0,0.5,0.5,0.333333333333,0.0909090909091,0.2,0.2,0,0,0.383333333333,0,0,0,0,0,0,0,""
41240,robinson.jason.c@gmail.com,jasonrobinson,1.0,1.0,1.0,1.0,1.0,1.0,0.166666666667,0.5,0.333333333333,0.0909090909091,0.2,0.0,0,0,0.3,0,0,0,0,0,0,0,""
41151,Hakan@Hekimgil.com,hekimgil,1.0,1.0,1.0,1.0,1.0,1.0,0.0,0.0,0.0,0.0,0.0,0.0,0,0,0.0,0,0,0,0,0,0,0,""
42136,phamtungduong@gmail.com,tduong,1.0,1.0,1.0,1.0,1.0,1.0,0.0,0.0,0.0,0.0,0.0,0.0,0,0,0.0,0,0,0,0,0,0,0,""
42150,sysqa@yahoo.com,NorbertSz,1.0,1.0,1.0,1.0,1.0,1.0,1.0,1.0,1.0,1.0,1.0,1.0,0,0,1.0,0,0,0,0,0,0,0,""
42195,jmreddy.b@gmail.com,JMR-b,1.0,1.0,1.0,1.0,1.0,1.0,0.0,0.0,0.0,0.0,0.0,0.0,0,0,0.0,0,0,0,0,0,0,0,""
42292,nchrist01@gmail.com,Reyal,1.0,1.0,1.0,1.0,1.0,1.0,0.0,0.0,0.0,0.0,0.0,0.0,0,0,0.0,0,0,0,0,0,0,0,""
26468,alex.mhungu@gmail.com,AlexM,1.0,1.0,1.0,1.0,1.0,1.0,1.0,1.0,1.0,0.0,0.0,0.0,0,0,0.75,0,0,0,0,0,0,0,""
